nombre,correo
Autumn May,parkercorey@example.com
Alicia Lee,victor74@example.org
Tracy Reyes,calvin09@example.com
Dr. Rebecca Frost,clarence24@example.com
Jennifer Sexton,deborah02@example.net
Leslie Rose,lford@example.net
Samantha Estes,leelisa@example.com
Timothy Moore,ernesthouston@example.org
Tyler Jordan,stacy79@example.org
Julie Andrews,joe21@example.org
Barbara Hess,grace58@example.com
Faith Paul,saramccarthy@example.net
Suzanne Saunders,fperkins@example.net
Maria Scott,fordkristen@example.com
Mariah Sandoval,austin92@example.com
Mitchell Mccann,chavezemma@example.com
Christopher Armstrong,hcontreras@example.com
Christina Morgan,robert19@example.com
Todd Robinson,walldavid@example.net
Kari Lynch,nguyendustin@example.org
Linda Wilkins,rowealejandra@example.net
Alexis Gutierrez,penningtontonya@example.net
Samuel Hernandez,fpeters@example.com
Sara Delacruz,cwhite@example.net
Vanessa Johnson,anthonydixon@example.com
Margaret Barber,wendysoto@example.org
Brooke Castro,sanchezjonathan@example.org
Katrina Saunders,msilva@example.net
Lauren Baker,brucemeyer@example.net
Laura Brown,alicia35@example.org
Ian Jackson,fcarey@example.org
Alicia Allen,glen86@example.org
Pamela Carter,smithwendy@example.org
Joe Johnson,rrush@example.net
Christopher Erickson,faith22@example.org
Amy Allen,rollinstamara@example.com
Daniel Harmon,kennedyjennifer@example.org
Phillip Cantu,mandrews@example.com
Regina Key,ddavis@example.org
Daniel Phillips,amandaortega@example.com
Michelle Lawrence,livingstonteresa@example.net
Brittney Perry,kenneth91@example.org
April Ward,amy80@example.net
Diane Nguyen,christopher16@example.org
Michael Rich,rogerguerra@example.net
Darlene Bradshaw,terry28@example.net
Kurt Keller,amysmith@example.com
Laura Gray,hphelps@example.org
Rebecca Butler,ctran@example.net
Danielle Phillips,swillis@example.net
Dana Andrews,bowersmargaret@example.net
Rebecca Davis,melanie50@example.com
Joshua Bond,triciafrank@example.org
Jean Christensen,katievaughan@example.com
Alexander Campbell,hornerachael@example.org
Travis Nolan,hbarnes@example.org
Nathan Hernandez,hyoung@example.org
Veronica Livingston,michelle63@example.com
Nicole Wilkins,alexanderchung@example.org
Mallory Harrington,cmorris@example.org
Jason Brown,james12@example.com
Alicia Price,dfreeman@example.com
John Pineda,vlopez@example.com
Travis Khan,travis77@example.org
Marcus Montoya,robinsonheather@example.com
Tiffany Olson,danielmatthews@example.com
Amber Acosta,catherine25@example.net
Jamie Parker,emahoney@example.com
Melissa Harrington,maria21@example.net
Shaun Patterson,cooperjasmine@example.org
Ryan Perez,anichols@example.com
Paul Spence,lisadecker@example.net
Arthur Johnston,cassandraedwards@example.com
Steven Fitzgerald,william07@example.org
Gina Morse,christinelawson@example.org
Jose Murray,morrisbenjamin@example.com
Paul Byrd,aaronberry@example.com
Andrew Williams,pcarr@example.net
Michael Miller,longallison@example.org
Gregory Bartlett,icollins@example.org
Jonathon Sanchez,veronicarose@example.com
Lisa Salinas,carlwood@example.net
Juan Lynn,karentaylor@example.org
Sarah Goodwin,robinduncan@example.com
Christian Mclaughlin MD,brownpaul@example.com
Kyle Snyder,johncollier@example.org
Charles Carter,barkerpamela@example.com
Teresa Potter,warejohn@example.net
Cheryl Henry,nscott@example.org
Taylor Johnson,iblake@example.net
Terry Burton,williamsmario@example.com
Terry Williams,jefferygould@example.org
Sara Vasquez,richarddavis@example.org
Timothy Bowen,stevensashlee@example.net
Robert Trujillo,kelly33@example.com
Jasmin Baker,guerrerochristopher@example.org
Derrick Mccarthy,jonesjamie@example.org
Cody Monroe,michaelblair@example.com
Eric Johnson,aguilarstephanie@example.org
Michael Reese,jesselewis@example.net
